scpca_project_id	scpca_sample_id	scpca_library_id	diagnosis	subdiagnosis	disease_timing	age	age_timing	sex	tissue_location	participant_id	submitter_id	organism	development_stage_ontology_term_id	sex_ontology_term_id	organism_ontology_id	self_reported_ethnicity_ontology_term_id	disease_ontology_term_id	tissue_ontology_term_id	Mutation_status	spinal_leptomeningeal_mets	treatment	seq_unit	technology	total_reads	mapped_reads	unfiltered_cells	filtered_cell_count	processed_cells	has_cellhash	includes_anndata	is_cell_line	is_multiplexed	is_xenograft	pi_name	project_title	genome_assembly	mapping_index	alevin_fry_version	salmon_version	transcript_type	droplet_filtering_method	cell_filtering_method	prob_compromised_cutoff	min_gene_cutoff	normalization_method	date_processed	workflow	workflow_version	workflow_commit
SCPCP000002	SCPCS000024	SCPCL000024	Pilocytic astrocytoma	NA	Initial diagnosis	6	diagnosis	M	Posterior fossa	1272	1272	Homo sapiens	HsapDv:0000100	PATO:0000384	NCBITaxon:9606	unknown	MONDO:0016691	UBERON:0008788	BRAF:KIAA fusion	No	GTR	cell	10Xv3	261777817	199093551	138451	3231	2631	False	True	False	False	False	green_mulcahy_levy	Single cell RNA sequencing of pediatric low-grade gliomas	Homo_sapiens.GRCh38.104	Homo_sapiens.GRCh38.104.spliced_intron.txome	0.7.0	1.5.2	total;spliced	emptyDropsCellRanger	miQC	0.75	200	deconvolution	2024-08-02T21:43:18+0000	https://github.com/AlexsLemonade/scpca-nf	v0.8.3	3d42560d8dde5655ac0dbd57a7902c34bfcd1291
SCPCP000002	SCPCS000025	SCPCL000025	Pilocytic astrocytoma	NA	Initial diagnosis	8	diagnosis	F	Posterior fossa	1330	1330	Homo sapiens	HsapDv:0000102	PATO:0000383	NCBITaxon:9606	unknown	MONDO:0016691	UBERON:0008788	BRAF:KIAA fusion	No	GTR	cell	10Xv3	306890436	229885123	228470	2131	1657	False	True	False	False	False	green_mulcahy_levy	Single cell RNA sequencing of pediatric low-grade gliomas	Homo_sapiens.GRCh38.104	Homo_sapiens.GRCh38.104.spliced_intron.txome	0.7.0	1.5.2	total;spliced	emptyDropsCellRanger	miQC	0.75	200	deconvolution	2024-08-02T21:42:12+0000	https://github.com/AlexsLemonade/scpca-nf	v0.8.3	3d42560d8dde5655ac0dbd57a7902c34bfcd1291
SCPCP000002	SCPCS000026	SCPCL000026	Ganglioglioma	NA	Initial diagnosis	11	diagnosis	F	Right superior temporal gyrus	1181	1181	Homo sapiens	HsapDv:0000105	PATO:0000383	NCBITaxon:9606	unknown	MONDO:0016733	UBERON:0002769	BRAF V600E	No	GTR	cell	10Xv3	311265388	228201966	154069	2317	2040	False	True	False	False	False	green_mulcahy_levy	Single cell RNA sequencing of pediatric low-grade gliomas	Homo_sapiens.GRCh38.104	Homo_sapiens.GRCh38.104.spliced_intron.txome	0.7.0	1.5.2	total;spliced	emptyDropsCellRanger	miQC	0.75	200	deconvolution	2024-08-02T21:39:10+0000	https://github.com/AlexsLemonade/scpca-nf	v0.8.3	3d42560d8dde5655ac0dbd57a7902c34bfcd1291
SCPCP000002	SCPCS000027	SCPCL000027	Ganglioglioma	NA	Initial diagnosis	14	diagnosis	F	Medial left temporal lobe	1216	1216	Homo sapiens	HsapDv:0000108	PATO:0000383	NCBITaxon:9606	unknown	MONDO:0016733	UBERON:0002808	BRAF V600E	No	GTR/NTR	cell	10Xv3	390235347	296984411	244576	2191	1775	False	True	False	False	False	green_mulcahy_levy	Single cell RNA sequencing of pediatric low-grade gliomas	Homo_sapiens.GRCh38.104	Homo_sapiens.GRCh38.104.spliced_intron.txome	0.7.0	1.5.2	total;spliced	emptyDropsCellRanger	miQC	0.75	200	deconvolution	2024-08-02T21:42:13+0000	https://github.com/AlexsLemonade/scpca-nf	v0.8.3	3d42560d8dde5655ac0dbd57a7902c34bfcd1291
SCPCP000002	SCPCS000028	SCPCL000028	Low-grade glioma	NA	Initial diagnosis	5	diagnosis	F	Left posterior fossa	1226	1226	Homo sapiens	HsapDv:0000099	PATO:0000383	NCBITaxon:9606	unknown	MONDO:0021637	UBERON:0008788	BRAF and FGFR1/3 WT	No	GTR	cell	10Xv3	397544876	303619163	212445	2005	1768	False	True	False	False	False	green_mulcahy_levy	Single cell RNA sequencing of pediatric low-grade gliomas	Homo_sapiens.GRCh38.104	Homo_sapiens.GRCh38.104.spliced_intron.txome	0.7.0	1.5.2	total;spliced	emptyDropsCellRanger	miQC	0.75	200	deconvolution	2024-08-02T21:45:58+0000	https://github.com/AlexsLemonade/scpca-nf	v0.8.3	3d42560d8dde5655ac0dbd57a7902c34bfcd1291
SCPCP000002	SCPCS000029	SCPCL000029	Pilocytic astrocytoma	NA	Initial diagnosis	8	diagnosis	M	Suprasellar	855	855	Homo sapiens	HsapDv:0000102	PATO:0000384	NCBITaxon:9606	unknown	MONDO:0016691	UBERON:0003689	BRAF:KIAA fusion	No	XRT/Carbo/VBL	cell	10Xv3	150099498	103485167	164825	937	676	False	True	False	False	False	green_mulcahy_levy	Single cell RNA sequencing of pediatric low-grade gliomas	Homo_sapiens.GRCh38.104	Homo_sapiens.GRCh38.104.spliced_intron.txome	0.7.0	1.5.2	total;spliced	emptyDropsCellRanger	miQC	0.75	200	deconvolution	2024-08-02T21:39:48+0000	https://github.com/AlexsLemonade/scpca-nf	v0.8.3	3d42560d8dde5655ac0dbd57a7902c34bfcd1291
SCPCP000002	SCPCS000030	SCPCL000030	Pilocytic astrocytoma	NA	Initial diagnosis	15	diagnosis	M	Thalamus	927	927	Homo sapiens	HsapDv:0000109	PATO:0000384	NCBITaxon:9606	unknown	MONDO:0016691	UBERON:0001897	BRAF:KIAA fusion	No	GTR	cell	10Xv3	143142920	100135686	63648	2022	78	False	True	False	False	False	green_mulcahy_levy	Single cell RNA sequencing of pediatric low-grade gliomas	Homo_sapiens.GRCh38.104	Homo_sapiens.GRCh38.104.spliced_intron.txome	0.7.0	1.5.2	total;spliced	emptyDropsCellRanger	miQC	0.75	200	log-normalization	2024-08-02T21:38:59+0000	https://github.com/AlexsLemonade/scpca-nf	v0.8.3	3d42560d8dde5655ac0dbd57a7902c34bfcd1291
SCPCP000002	SCPCS000031	SCPCL000031	Pilocytic astrocytoma	NA	Initial diagnosis	6	diagnosis	F	Posterior fossa	879	879	Homo sapiens	HsapDv:0000100	PATO:0000383	NCBITaxon:9606	unknown	MONDO:0016691	UBERON:0008788	BRAF:KIAA fusion	No	GTR	cell	10Xv3	147253443	111891216	154883	818	714	False	True	False	False	False	green_mulcahy_levy	Single cell RNA sequencing of pediatric low-grade gliomas	Homo_sapiens.GRCh38.104	Homo_sapiens.GRCh38.104.spliced_intron.txome	0.7.0	1.5.2	total;spliced	emptyDropsCellRanger	miQC	0.75	200	deconvolution	2024-08-02T21:39:54+0000	https://github.com/AlexsLemonade/scpca-nf	v0.8.3	3d42560d8dde5655ac0dbd57a7902c34bfcd1291
SCPCP000002	SCPCS000032	SCPCL000032	Pilocytic astrocytoma	NA	Initial diagnosis	13	diagnosis	F	Posterior fossa	957	957	Homo sapiens	HsapDv:0000107	PATO:0000383	NCBITaxon:9606	unknown	MONDO:0016691	UBERON:0008788	BRAF:KIAA fusion	No	GTR x 2	cell	10Xv3	165188596	125639477	160635	1799	1583	False	True	False	False	False	green_mulcahy_levy	Single cell RNA sequencing of pediatric low-grade gliomas	Homo_sapiens.GRCh38.104	Homo_sapiens.GRCh38.104.spliced_intron.txome	0.7.0	1.5.2	total;spliced	emptyDropsCellRanger	miQC	0.75	200	deconvolution	2024-08-02T21:41:22+0000	https://github.com/AlexsLemonade/scpca-nf	v0.8.3	3d42560d8dde5655ac0dbd57a7902c34bfcd1291
SCPCP000002	SCPCS000033	SCPCL000033	Pilocytic astrocytoma	NA	Initial diagnosis	4	diagnosis	F	Posterior fossa	1056	1056	Homo sapiens	HsapDv:0000098	PATO:0000383	NCBITaxon:9606	unknown	MONDO:0016691	UBERON:0008788	BRAF:KIAA fusion	No	NTR	cell	10Xv3	154116339	118934755	131839	2031	1865	False	True	False	False	False	green_mulcahy_levy	Single cell RNA sequencing of pediatric low-grade gliomas	Homo_sapiens.GRCh38.104	Homo_sapiens.GRCh38.104.spliced_intron.txome	0.7.0	1.5.2	total;spliced	emptyDropsCellRanger	miQC	0.75	200	deconvolution	2024-08-02T21:47:33+0000	https://github.com/AlexsLemonade/scpca-nf	v0.8.3	3d42560d8dde5655ac0dbd57a7902c34bfcd1291
SCPCP000002	SCPCS000034	SCPCL000034	Pilocytic astrocytoma	NA	Initial diagnosis	4	diagnosis	M	Posterior fossa	761	761	Homo sapiens	HsapDv:0000098	PATO:0000384	NCBITaxon:9606	unknown	MONDO:0016691	UBERON:0008788	Not tested for BRAF status	No	STR	cell	10Xv3	81154670	46967361	88721	1308	627	False	True	False	False	False	green_mulcahy_levy	Single cell RNA sequencing of pediatric low-grade gliomas	Homo_sapiens.GRCh38.104	Homo_sapiens.GRCh38.104.spliced_intron.txome	0.7.0	1.5.2	total;spliced	emptyDropsCellRanger	miQC	0.75	200	deconvolution	2024-08-02T21:39:14+0000	https://github.com/AlexsLemonade/scpca-nf	v0.8.3	3d42560d8dde5655ac0dbd57a7902c34bfcd1291
SCPCP000002	SCPCS000035	SCPCL000035	Pilocytic astrocytoma	NA	Initial diagnosis	7	diagnosis	M	Posterior fossa	946	946	Homo sapiens	HsapDv:0000101	PATO:0000384	NCBITaxon:9606	unknown	MONDO:0016691	UBERON:0008788	BRAF:KIAA fusion	No	STR, Carbo/VBL, XRT	cell	10Xv3	151554529	84950388	116608	900	476	False	True	False	False	False	green_mulcahy_levy	Single cell RNA sequencing of pediatric low-grade gliomas	Homo_sapiens.GRCh38.104	Homo_sapiens.GRCh38.104.spliced_intron.txome	0.7.0	1.5.2	total;spliced	emptyDropsCellRanger	miQC	0.75	200	deconvolution	2024-08-02T21:39:09+0000	https://github.com/AlexsLemonade/scpca-nf	v0.8.3	3d42560d8dde5655ac0dbd57a7902c34bfcd1291
SCPCP000002	SCPCS000036	SCPCL000036	Pilocytic astrocytoma	NA	Initial diagnosis	9	diagnosis	M	Posterior fossa	1057	1057	Homo sapiens	HsapDv:0000103	PATO:0000384	NCBITaxon:9606	unknown	MONDO:0016691	UBERON:0008788	BRAF:KIAA fusion	No	GTR	cell	10Xv3	150581170	96926489	119658	1319	593	False	True	False	False	False	green_mulcahy_levy	Single cell RNA sequencing of pediatric low-grade gliomas	Homo_sapiens.GRCh38.104	Homo_sapiens.GRCh38.104.spliced_intron.txome	0.7.0	1.5.2	total;spliced	emptyDropsCellRanger	miQC	0.75	200	deconvolution	2024-08-02T21:39:52+0000	https://github.com/AlexsLemonade/scpca-nf	v0.8.3	3d42560d8dde5655ac0dbd57a7902c34bfcd1291
SCPCP000002	SCPCS000037	SCPCL000037	Pilocytic astrocytoma	NA	Initial diagnosis	13	diagnosis	M	Spinal	1171	1171	Homo sapiens	HsapDv:0000107	PATO:0000384	NCBITaxon:9606	unknown	MONDO:0016691	UBERON:0001016	FGFR1 mutant	No	STR, Carbo/Vbl	cell	10Xv3	206318011	130285171	124745	926	774	False	True	False	False	False	green_mulcahy_levy	Single cell RNA sequencing of pediatric low-grade gliomas	Homo_sapiens.GRCh38.104	Homo_sapiens.GRCh38.104.spliced_intron.txome	0.7.0	1.5.2	total;spliced	emptyDropsCellRanger	miQC	0.75	200	deconvolution	2024-08-02T21:39:58+0000	https://github.com/AlexsLemonade/scpca-nf	v0.8.3	3d42560d8dde5655ac0dbd57a7902c34bfcd1291
SCPCP000002	SCPCS000038	SCPCL000038	Pilocytic astrocytoma	NA	Initial diagnosis	9	diagnosis	M	Right mesial temporal lobe	1268	1268	Homo sapiens	HsapDv:0000103	PATO:0000384	NCBITaxon:9606	unknown	MONDO:0016691	UBERON:0002809	FGFR3:TACC3 fusion	No	GTR	cell	10Xv3	123808787	80551989	107336	347	308	False	True	False	False	False	green_mulcahy_levy	Single cell RNA sequencing of pediatric low-grade gliomas	Homo_sapiens.GRCh38.104	Homo_sapiens.GRCh38.104.spliced_intron.txome	0.7.0	1.5.2	total;spliced	emptyDropsCellRanger	miQC	0.75	200	deconvolution	2024-08-02T21:39:02+0000	https://github.com/AlexsLemonade/scpca-nf	v0.8.3	3d42560d8dde5655ac0dbd57a7902c34bfcd1291
SCPCP000002	SCPCS000039	SCPCL000039	Ganglioglioma/ATRT	NA	Initial diagnosis	6	diagnosis	M	Right parietal	794	794	Homo sapiens	HsapDv:0000100	PATO:0000384	NCBITaxon:9606	unknown	MONDO:0021193	UBERON:0002803	BRAF V600E in both/ INI-1 loss in ATRT	No	Surgery	cell	10Xv3	101149246	66220713	83586	1964	1694	False	True	False	False	False	green_mulcahy_levy	Single cell RNA sequencing of pediatric low-grade gliomas	Homo_sapiens.GRCh38.104	Homo_sapiens.GRCh38.104.spliced_intron.txome	0.7.0	1.5.2	total;spliced	emptyDropsCellRanger	miQC	0.75	200	deconvolution	2024-08-02T21:42:10+0000	https://github.com/AlexsLemonade/scpca-nf	v0.8.3	3d42560d8dde5655ac0dbd57a7902c34bfcd1291
SCPCP000002	SCPCS000040	SCPCL000040	Pilocytic astrocytoma	NA	Initial diagnosis	11	diagnosis	F	Thalamic	1033	1033	Homo sapiens	HsapDv:0000105	PATO:0000383	NCBITaxon:9606	unknown	MONDO:0016691	UBERON:0010225	BRAF:KIAA fusion	No	GTR	cell	10Xv3	132649146	36315600	86048	5909	5874	False	True	False	False	False	green_mulcahy_levy	Single cell RNA sequencing of pediatric low-grade gliomas	Homo_sapiens.GRCh38.104	Homo_sapiens.GRCh38.104.spliced_intron.txome	0.7.0	1.5.2	total;spliced	emptyDropsCellRanger	Minimum_gene_cutoff	0.75	200	deconvolution	2024-08-02T21:40:34+0000	https://github.com/AlexsLemonade/scpca-nf	v0.8.3	3d42560d8dde5655ac0dbd57a7902c34bfcd1291
SCPCP000002	SCPCS000041	SCPCL000041	Pilocytic astrocytoma	NA	Initial diagnosis	9	diagnosis	M	Spinal	1154	1154	Homo sapiens	HsapDv:0000103	PATO:0000384	NCBITaxon:9606	unknown	MONDO:0016691	UBERON:0001016	BRAF:KIAA fusion	No	GTR	cell	10Xv3	99353539	57697892	83569	1875	1322	False	True	False	False	False	green_mulcahy_levy	Single cell RNA sequencing of pediatric low-grade gliomas	Homo_sapiens.GRCh38.104	Homo_sapiens.GRCh38.104.spliced_intron.txome	0.7.0	1.5.2	total;spliced	emptyDropsCellRanger	miQC	0.75	200	deconvolution	2024-08-02T21:40:44+0000	https://github.com/AlexsLemonade/scpca-nf	v0.8.3	3d42560d8dde5655ac0dbd57a7902c34bfcd1291
SCPCP000002	SCPCS000042	SCPCL000042	Pilocytic astrocytoma	NA	Initial diagnosis	13	diagnosis	F	Basal ganglia	1266	1266	Homo sapiens	HsapDv:0000107	PATO:0000383	NCBITaxon:9606	unknown	MONDO:0016691	UBERON:0010011	BRAF:KIAA fusion	No	GTR	cell	10Xv3	113505668	73143471	87514	2015	1558	False	True	False	False	False	green_mulcahy_levy	Single cell RNA sequencing of pediatric low-grade gliomas	Homo_sapiens.GRCh38.104	Homo_sapiens.GRCh38.104.spliced_intron.txome	0.7.0	1.5.2	total;spliced	emptyDropsCellRanger	miQC	0.75	200	deconvolution	2024-08-02T21:41:31+0000	https://github.com/AlexsLemonade/scpca-nf	v0.8.3	3d42560d8dde5655ac0dbd57a7902c34bfcd1291
SCPCP000002	SCPCS000043	SCPCL000043	Ependymoma	Supratentorial	Initial diagnosis	13	diagnosis	M	Right precentral gyrus	1328	1328	Homo sapiens	HsapDv:0000107	PATO:0000384	NCBITaxon:9606	unknown	MONDO:0016698	UBERON:0002703	C11orf95:MAML2 per RNAseq	No	GTR	cell	10Xv3	198011146	138924932	121284	1377	1007	False	True	False	False	False	green_mulcahy_levy	Single cell RNA sequencing of pediatric low-grade gliomas	Homo_sapiens.GRCh38.104	Homo_sapiens.GRCh38.104.spliced_intron.txome	0.7.0	1.5.2	total;spliced	emptyDropsCellRanger	miQC	0.75	200	deconvolution	2024-08-02T21:42:08+0000	https://github.com/AlexsLemonade/scpca-nf	v0.8.3	3d42560d8dde5655ac0dbd57a7902c34bfcd1291
SCPCP000002	SCPCS000044	SCPCL000044	Pilocytic astrocytoma	NA	Initial diagnosis	1	diagnosis	M	Spinal	1340	1340	Homo sapiens	HsapDv:0000246	PATO:0000384	NCBITaxon:9606	unknown	MONDO:0016691	UBERON:0001016	BRAF:KIAA fusion	No	STR, Carbo/Vbl	cell	10Xv3	177987048	118127441	104597	1025	829	False	True	False	False	False	green_mulcahy_levy	Single cell RNA sequencing of pediatric low-grade gliomas	Homo_sapiens.GRCh38.104	Homo_sapiens.GRCh38.104.spliced_intron.txome	0.7.0	1.5.2	total;spliced	emptyDropsCellRanger	miQC	0.75	200	deconvolution	2024-08-02T21:41:32+0000	https://github.com/AlexsLemonade/scpca-nf	v0.8.3	3d42560d8dde5655ac0dbd57a7902c34bfcd1291
SCPCP000002	SCPCS000045	SCPCL000045	Ganglioglioma	NA	Initial diagnosis	16	diagnosis	F	Right parahippocampus	1417	1417	Homo sapiens	HsapDv:0000110	PATO:0000383	NCBITaxon:9606	unknown	MONDO:0016733	UBERON:0002973	BRAF V600E	No	GTR	cell	10Xv3	117466116	92543243	115737	1467	688	False	True	False	False	False	green_mulcahy_levy	Single cell RNA sequencing of pediatric low-grade gliomas	Homo_sapiens.GRCh38.104	Homo_sapiens.GRCh38.104.spliced_intron.txome	0.7.0	1.5.2	total;spliced	emptyDropsCellRanger	miQC	0.75	200	deconvolution	2024-08-02T21:39:15+0000	https://github.com/AlexsLemonade/scpca-nf	v0.8.3	3d42560d8dde5655ac0dbd57a7902c34bfcd1291
SCPCP000002	SCPCS000046	SCPCL000046	Pilocytic astrocytoma	NA	Initial diagnosis	4	diagnosis	F	Cerebellar	1453	1453	Homo sapiens	HsapDv:0000098	PATO:0000383	NCBITaxon:9606	unknown	MONDO:0016691	UBERON:0002037	BRAF:KIAA fusion	No	GTR	cell	10Xv3	80964130	62989088	77598	5333	4097	False	True	False	False	False	green_mulcahy_levy	Single cell RNA sequencing of pediatric low-grade gliomas	Homo_sapiens.GRCh38.104	Homo_sapiens.GRCh38.104.spliced_intron.txome	0.7.0	1.5.2	total;spliced	emptyDropsCellRanger	miQC	0.75	200	deconvolution	2024-08-02T21:48:35+0000	https://github.com/AlexsLemonade/scpca-nf	v0.8.3	3d42560d8dde5655ac0dbd57a7902c34bfcd1291
SCPCP000002	SCPCS000047	SCPCL000047	Ganglioglioma	NA	Initial diagnosis	11	diagnosis	F	Right temporal	1455	1455	Homo sapiens	HsapDv:0000105	PATO:0000383	NCBITaxon:9606	unknown	MONDO:0016733	UBERON:0002809	FGFR3:TACC3 fusion	No	STR, Carbo/Vbl	cell	10Xv3	84503830	67036246	77262	9250	3037	False	True	False	False	False	green_mulcahy_levy	Single cell RNA sequencing of pediatric low-grade gliomas	Homo_sapiens.GRCh38.104	Homo_sapiens.GRCh38.104.spliced_intron.txome	0.7.0	1.5.2	total;spliced	emptyDropsCellRanger	miQC	0.75	200	deconvolution	2024-08-02T21:43:58+0000	https://github.com/AlexsLemonade/scpca-nf	v0.8.3	3d42560d8dde5655ac0dbd57a7902c34bfcd1291
SCPCP000002	SCPCS000048	SCPCL000048	Pilocytic astrocytoma	NA	Initial diagnosis	1	diagnosis	M	Left mesial temporal	1459	1459	Homo sapiens	HsapDv:0000246	PATO:0000384	NCBITaxon:9606	unknown	MONDO:0016691	UBERON:0002808	BRAF:KIAA fusion	No	STR, Carbo/Vbl	cell	10Xv3	99967913	78832045	74548	4811	4049	False	True	False	False	False	green_mulcahy_levy	Single cell RNA sequencing of pediatric low-grade gliomas	Homo_sapiens.GRCh38.104	Homo_sapiens.GRCh38.104.spliced_intron.txome	0.7.0	1.5.2	total;spliced	emptyDropsCellRanger	miQC	0.75	200	deconvolution	2024-08-02T21:44:55+0000	https://github.com/AlexsLemonade/scpca-nf	v0.8.3	3d42560d8dde5655ac0dbd57a7902c34bfcd1291
SCPCP000002	SCPCS000049	SCPCL000049	Ganglioglioma	NA	Initial diagnosis	15	diagnosis	M	Right temporal	1491	1491	Homo sapiens	HsapDv:0000109	PATO:0000384	NCBITaxon:9606	unknown	MONDO:0016733	UBERON:0002809	BRAF V600E	No	GTR	cell	10Xv3	82303134	64174128	75848	8170	6723	False	True	False	False	False	green_mulcahy_levy	Single cell RNA sequencing of pediatric low-grade gliomas	Homo_sapiens.GRCh38.104	Homo_sapiens.GRCh38.104.spliced_intron.txome	0.7.0	1.5.2	total;spliced	emptyDropsCellRanger	miQC	0.75	200	deconvolution	2024-08-02T21:46:44+0000	https://github.com/AlexsLemonade/scpca-nf	v0.8.3	3d42560d8dde5655ac0dbd57a7902c34bfcd1291
